{
  "IsEncrypted": false,
  "Values": {
    "AzureWebJobsStorage": "UseDevelopmentStorage=true",
    "FUNCTIONS_WORKER_RUNTIME": "dotnet-isolated",
    "TENANTS": "doorify,triangle",
    "TENANT__doorify__BASE_URL": "https://support.doorifymls.com",
    "TENANT__doorify__CLIENT_ID": "voiceflip-doorify",
    "TENANT__doorify__CLIENT_SECRET": "2ccab0c5587d3636c69edafb710e980fc46e089005d29ed240e74b24ab1aff6f",
    "TENANT__doorify__SCOPES": "read write",
    "TENANT__doorify__TOKEN_PATH": "/oauth/tokens",
    "TENANT__triangle__BASE_URL": "http://support.trianglemls.com",
    "TENANT__triangle__CLIENT_ID": "voiceflip-doorify",
    "TENANT__triangle__CLIENT_SECRET": "2ccab0c5587d3636c69edafb710e980fc46e089005d29ed240e74b24ab1aff6f",
    "TENANT__triangle__SCOPES": "read write",
    "TENANT__triangle__TOKEN_PATH": "/oauth/tokens"
  }
}
/*{
    "IsEncrypted": false,
  "Values": {
    "AzureWebJobsStorage": "UseDevelopmentStorage=true",
    //"FUNCTIONS_INPROC_NET8_ENABLED": "1",,
    "FUNCTIONS_WORKER_RUNTIME": "dotnet-isolated",
    "ZENDESK_BASE_URL": "https://support.doorifymls.com",
    "ZENDESK_CLIENT_ID": "voiceflip-doorify",
    "ZENDESK_CLIENT_SECRET": "2ccab0c5587d3636c69edafb710e980fc46e089005d29ed240e74b24ab1aff6f",
    "REDIRECT_URI": "https://voiceflip-auth.azurewebsites.net/api/oauth/callback",
    "SCOPES": "read write"
  }
}*/